Id;Year;Edition;Film;Won;Nominees;Record;Writer;Age (in years);Ref.
394;2019;92;1917;False;Sam Mendes & Krysty Wilson-Cairns;;;;
193;1979;52;...And Justice for All.;False;Valerie Curtin & Barry Levinson;;;;
140;1968;41;2001: A Space Odyssey;False;Arthur C. Clarke & Stanley Kubrick;;;;
380;2016;89;20th Century Women;False;Mike Mills;;;;
113;1963;36;8½;False;Federico Fellini, Ennio Flaiano, Tullio Pinelli & Brunello Rondi;;;;
37;1947;20;A Double Life;False;;;;;
239;1988;61;A Fish Called Wanda;False;Screenplay: John Cleese;;;;
117;1964;37;A Hard Day's Night;False;Alun Owen;;;;
126;1966;39;A Man and a Woman;True;Screenplay: Claude Lelouch & Pierre Uytterhoeven;;;;
355;2011;84;A Separation;False;Asghar Farhadi;;;;
344;2009;82;A Serious Man;False;Coen Brothers;;;;
165;1973;46;A Touch of Class;False;Melvin Frank & Jack Rose;;;;
202;1981;54;Absence of Malice;False;Kurt Luedtke;;;;
52;1951;24;Ace in the Hole;False;Walter Newman, Lesser Samuels & Billy Wilder;;;;
47;1950;23;Adam's Rib;False;Ruth Gordon & Garson Kanin;;;;
16;1943;16;Air Force;False;;;;;
247;1990;63;Alice;False;Woody Allen;;;;
167;1974;47;Alice Doesn't Live Here Anymore;False;Robert Getchell;;;;
192;1979;52;All That Jazz;False;Robert Alan Aurthur & Bob Fosse;;;;
296;2000;73;Almost Famous;True;Cameron Crowe‡;;;;
302;2001;74;Amélie;False;Screenplay: Jean-Pierre Jeunet & Guillaume Laurant;;;;
172;1975;48;Amarcord;False;Federico Fellini & Tonino Guerra;;;;
112;1963;36;America America;False;Elia Kazan;;;;
291;1999;72;American Beauty;True;Alan Ball‡;;;;
162;1973;46;American Graffiti;False;Willard Huyck, George Lucas & Gloria Katz;;;;
362;2013;86;American Hustle;False;David O. Russell & Eric Warren Singer;;;;
357;2012;85;Amour;False;Michael Haneke;;;;
51;1951;24;An American in Paris;True;Alan Jay Lerner‡;;;;
209;1982;55;An Officer and a Gentleman;False;Douglas Day Stewart;;;;
190;1978;51;An Unmarried Woman;False;Paul Mazursky;;;;
412;2023;96;Anatomy of a Fall;False;Arthur Harari & Justine Triet;;;;
173;1975;48;And Now My Love;False;Claude Lelouch & Pierre Uytterhoeven;;;;
1;1940;13;Angels Over Broadway;False;;;;;
181;1977;50;Annie Hall;True;Woody Allen & Marshall Brickman;;;;
347;2010;83;Another Year;False;Mike Leigh;;;;
203;1981;54;Arthur;False;Steve Gordon;;;;
282;1997;70;As Good as It Gets;False;Screenplay: Mark Andrus & James L. Brooks;;;;
204;1981;54;Atlantic City;False;John Guare;;;;
232;1987;60;Au Revoir Les Enfants (Goodbye, Children);False;Louis Malle;;;;
187;1978;51;Autumn Sonata;False;Ingmar Bergman;;;;
248;1990;63;Avalon;False;Barry Levinson;;;;
327;2006;79;Babel;False;Guillermo Arriaga;;;;
222;1985;58;Back to the Future;False;Bob Gale & Robert Zemeckis;;;;
102;1961;34;Ballad of a Soldier;False;Grigory Chukhray & Valentin Yezhov;;;;
41;1949;22;Battleground;True;;;;;
292;1999;72;Being John Malkovich;False;Charlie Kaufman;;;;
402;2021;94;Belfast;True;Kenneth Branagh‡;;;;
217;1984;57;Beverly Hills Cop;False;Screenplay: Daniel Petrie Jr.;;;;
237;1988;61;Big;False;Gary Ross & Anne Spielberg;;;;
297;2000;73;Billy Elliot;False;Lee Hall;;;;
366;2014;87;Birdman;True;Armando Bo, Alexander Dinelaris Jr., Nicolás Giacobone & Alejandro G. Iñárritu‡;;;;
127;1966;39;Blowup;False;Screenplay: Michelangelo Antonioni, Edward Bond & Tonino Guerra;;;;
363;2013;86;Blue Jasmine;False;Woody Allen;;;;
418;;;Blue Jasmine;False;;Oldest nominee;Woody Allen;78.0;[94]
142;1969;42;Bob & Carol & Ted & Alice;False;Paul Mazursky & Larry Tucker;;;;
36;1947;20;Body and Soul;False;;;;;
132;1967;40;Bonnie and Clyde;False;Robert Benton & David Newman;;;;
283;1997;70;Boogie Nights;False;Paul Thomas Anderson;;;;
367;2014;87;Boyhood;False;Richard Linklater;;;;
252;1991;64;Boyz n the Hood;False;John Singleton;;;;
420;;;Boyz n the Hood;False;;Youngest nominee;John Singleton;24.0;[96]
272;1995;68;Braveheart;False;Randall Wallace;;;;
223;1985;58;Brazil;False;Terry Gilliam, Charles McKeown & Tom Stoppard;;;;
191;1979;52;Breaking Away;True;Steve Tesich‡;;;;
58;1952;25;Breaking the Sound Barrier;False;Terence Rattigan;;;;
353;2011;84;Bridesmaids;False;Annie Mumolo & Kristen Wiig;;;;
372;2015;88;Bridge of Spies;False;Matt Charman & Coen Brothers;;;;
233;1987;60;Broadcast News;False;James L. Brooks;;;;
218;1984;57;Broadway Danny Rose;False;Woody Allen;;;;
197;1980;53;Brubaker;False;Screenplay: W. D. Richter;;;;
253;1991;64;Bugsy;False;James Toback;;;;
238;1988;61;Bull Durham;False;Ron Shelton;;;;
267;1994;67;Bullets over Broadway;False;Woody Allen & Douglas McGrath;;;;
287;1998;71;Bulworth;False;Screenplay: Warren Beatty & Jeremy Pikser;;;;
141;1969;42;Butch Cassidy and the Sundance Kid;True;William Goldman‡;;;;
48;1950;23;Caged;False;Virginia Kellogg & Bernard C. Schoenfeld;;;;
122;1965;38;Casanova 70;False;Age, Suso Cecchi d'Amico, Tonino Guerra, Mario Monicelli, Giorgio Salvioni & Furio Scarpelli;;;;
201;1981;54;Chariots of Fire;True;Colin Welland‡;;;;
32;1946;19;Children of Paradise;False;;;;;
166;1974;47;Chinatown;True;Robert Towne‡;;;;
5;1941;14;Citizen Kane;True;;;;;
186;1978;51;Coming Home;True;Screenplay: Robert C. Jones‡ & Waldo Salt;;;;
177;1976;49;Cousin, Cousine;False;Screenplay & Story: Jean-Charles Tacchella Adaptation: Daniele Thompson;;;;
321;2005;78;Crash;True;Screenplay: Paul Haggis & Bobby Moresco;;;;
163;1973;46;Cries and Whispers;False;Ingmar Bergman;;;;
242;1989;62;Crimes and Misdemeanors;False;Woody Allen;;;;
227;1986;59;Crocodile Dundee;False;Screenplay: John Cornell, Paul Hogan & Ken Shadie;;;;
364;2013;86;Dallas Buyers Club;False;Craig Borten & Melisa Wallack;;;;
121;1965;38;Darling;True;Frederic Raphael‡;;;;
262;1993;66;Dave;False;Gary Ross;;;;
53;1951;24;David and Bathsheba;False;Philip Dunne;;;;
169;1974;47;Day for Night;False;Jean-Louis Richard, Suzanne Schiffman & François Truffaut;;;;
241;1989;62;Dead Poets Society;True;Tom Schulman‡;;;;
284;1997;70;Deconstructing Harry;False;Woody Allen;;;;
81;1957;30;Designing Woman;True;George Wells‡;;;;
26;1945;18;Dillinger;False;;;;;
207;1982;55;Diner;False;Barry Levinson;;;;
313;2003;76;Dirty Pretty Things;False;Steven Knight;;;;
133;1967;40;Divorce American Style;False;Screenplay: Norman Lear;;;;
106;1962;35;Divorce Italian Style;True;Ennio de Concini, Pietro Germi & Alfredo Giannetti‡;;;;
356;2012;85;Django Unchained;True;Quentin Tarantino‡;;;;
243;1989;62;Do the Right Thing;False;Spike Lee;;;;
171;1975;48;Dog Day Afternoon;True;Frank Pierson‡;;;;
403;2021;94;Don't Look Up;False;Screenplay: Adam McKay;;;;
2;1940;13;Dr. Ehrlich's Magic Bullet;False;;;;;
208;1982;55;E.T. the Extra-Terrestrial;False;Melissa Mathison;;;;
144;1969;42;Easy Rider;False;Peter Fonda, Dennis Hopper & Terry Southern;;;;
219;1984;57;El Norte;False;Gregory Nava & Anna Thomas;;;;
298;2000;73;Erin Brockovich;False;Susannah Grant;;;;
316;2004;77;Eternal Sunshine of the Spotless Mind;True;Screenplay: Charlie Kaufman;;;;
407;2022;95;Everything Everywhere All at Once;True;Daniel Kwan and Daniel Scheinert‡;;;;
373;2015;88;Ex Machina;False;Alex Garland;;;;
138;1968;41;Faces;False;John Cassavetes;;;;
198;1980;53;Fame;False;Christopher Gore;;;;
213;1983;56;Fanny and Alexander;False;Ingmar Bergman;;;;
307;2002;75;Far from Heaven;False;Todd Haynes;;;;
276;1996;69;Fargo;True;Coen Brothers‡;;;;
116;1964;37;Father Goose;True;Screenplay: Peter Stone & Frank Tarloff;;;;
314;2003;76;Finding Nemo;False;Screenplay: Bob Peterson, David Reynolds & Andrew Stanton;;;;
388;2018;91;First Reformed;False;Paul Schrader;;;;
147;1970;43;Five Easy Pieces;False;Screenplay: Carole Eastman;;;;
358;2012;85;Flight;False;John Gatins;;;;
3;1940;13;Foreign Correspondent;False;;;;;
268;1994;67;Four Weddings and a Funeral;False;Richard Curtis;;;;
368;2014;87;Foxcatcher;False;E. Max Frye & Dan Futterman;;;;
107;1962;35;Freud;False;Screenplay: Charles Kaufman & Wolfgang Reinhardt;;;;
337;2008;81;Frozen River;False;Courtney Hunt;;;;
82;1957;30;Funny Face;False;Leonard Gershe;;;;
206;1982;55;Gandhi;True;John Briley‡;;;;
308;2002;75;Gangs of New York;False;Screenplay: Jay Cocks, Kenneth Lonergan & Steven Zaillian;;;;
103;1961;34;General Della Rovere;False;Sergio Amidei, Diego Fabbi & Indro Montanelli;;;;
68;1954;27;Genevieve;False;William Rose;;;;
381;2017;90;Get Out;True;Jordan Peele‡;;;;
246;1990;63;Ghost;True;Bruce Joel Rubin‡;;;;
299;2000;73;Gladiator;False;Screenplay: David Franzoni, John Logan & William Nicholson;;;;
54;1951;24;Go for Broke!;False;Robert Pirosh;;;;
322;2005;78;Good Night, and Good Luck;False;George Clooney & Grant Heslov;;;;
281;1997;70;Good Will Hunting;True;Ben Affleck & Matt Damon‡;;;;
419;;;Good Will Hunting;False;;Youngest winner;Ben Affleck;25.0;[95]
301;2001;74;Gosford Park;True;Julian Fellowes‡;;;;
255;1991;64;Grand Canyon;False;Lawrence Kasdan & Meg Kasdan;;;;
386;2018;91;Green Book;True;Brian Currie, Peter Farrelly & Nick Vallelonga‡;;;;
249;1990;63;Green Card;False;Peter Weir;;;;
131;1967;40;Guess Who's Coming to Dinner;True;William Rose‡;;;;
21;1944;17;Hail the Conquering Hero;False;;;;;
226;1986;59;Hannah and Her Sisters;True;Woody Allen‡;;;;
338;2008;81;Happy-Go-Lucky;False;Mike Leigh;;;;
170;1974;47;Harry and Tonto;False;Josh Greenfeld & Paul Mazursky;;;;
269;1994;67;Heavenly Creatures;False;Peter Jackson & Frances Walsh;;;;
377;2016;89;Hell or High Water;False;Taylor Sheridan;;;;
361;2013;86;Her;True;Spike Jonze‡;;;;
99;1960;33;Hiroshima, Mon Amour;False;Marguerite Duras;;;;
234;1987;60;Hope and Glory;False;John Boorman;;;;
139;1968;41;Hot Millions;False;Peter Ustinov & Ira Wallach;;;;
318;2004;77;Hotel Rwanda;False;Terry George & Keir Pearson;;;;
88;1958;31;Houseboat;False;Melville Shavelson & Jack Rose;;;;
111;1963;36;How the West Was Won;True;James R. Webb‡;;;;
257;1992;65;Husbands and Wives;False;Woody Allen;;;;
85;1957;30;I Vitelloni;False;Screenplay: Federico Fellini & Ennio Flaiano;;;;
315;2003;76;In America;False;Jim, Kirsten & Naomi Sheridan;;;;
339;2008;81;In Bruges;False;Martin McDonagh;;;;
263;1993;66;In the Line of Fire;False;Jeff Maguire;;;;
17;1943;16;In Which We Serve;False;;;;;
349;2010;83;Inception;False;Christopher Nolan;;;;
342;2009;82;Inglourious Basterds;False;Quentin Tarantino;;;;
374;2015;88;Inside Out;False;Screenplay: Josh Cooley, Pete Docter & Meg LeFauve;;;;
189;1978;51;Interiors;False;Woody Allen;;;;
71;1955;28;Interrupted Melody;True;Sonya Levien & William Ludwig‡;;;;
152;1971;44;Investigation of a Citizen Above Suspicion;False;Elio Petri & Ugo Pirro;;;;
73;1955;28;It's Always Fair Weather;False;Betty Comden & Adolph Green;;;;
277;1996;69;Jerry Maguire;False;Cameron Crowe;;;;
148;1970;43;Joe;False;Norman Wexler;;;;
42;1949;22;Jolson Sings Again;False;;;;;
398;2020;93;Judas and the Black Messiah;False;Screenplay: Will Berson & Shaka King;;;;
78;1956;29;Julie;False;Andrew L. Stone;;;;
331;2007;80;Juno;True;Diablo Cody‡;;;;
129;1966;39;Khartoum;False;Robert Ardrey;;;;
404;2021;94;King Richard;False;Zach Baylin;;;;
153;1971;44;Klute;False;Andy & David Lewis;;;;
392;2019;92;Knives Out;False;Rian Johnson;;;;
70;1954;27;Knock on Wood;False;Melvin Frank & Norman Panama;;;;
104;1961;34;La Dolce Vita;False;Federico Fellini, Ennio Flaiano, Tullio Pinelli & Brunello Rondi;;;;
134;1967;40;La Guerre Est Finie;False;Jorge Semprún;;;;
378;2016;89;La La Land;False;Damien Chazelle;;;;
79;1956;29;La Strada;False;Federico Fellini & Tullio Pinelli;;;;
383;2017;90;Lady Bird;False;Greta Gerwig;;;;
158;1972;45;Lady Sings the Blues;False;Chris Clark, Suzanne de Passe & Terrence McCloy;;;;
332;2007;80;Lars and the Real Girl;False;Nancy Oliver;;;;
108;1962;35;Last Year at Marienbad;False;Alain Robbe-Grillet;;;;
328;2006;79;Letters from Iwo Jima;False;Screenplay: Iris Yamashita;;;;
405;2021;94;Licorice Pizza;False;Paul Thomas Anderson;;;;
174;1975;48;Lies My Father Told Me;False;Ted Allan;;;;
288;1998;71;Life Is Beautiful;False;Roberto Benigni & Vincenzo Cerami;;;;
326;2006;79;Little Miss Sunshine;True;Michael Arndt‡;;;;
278;1996;69;Lone Star;False;John Sayles;;;;
258;1992;65;Lorenzo's Oil;False;Nick Enright & George Miller;;;;
311;2003;76;Lost in Translation;True;Sofia Coppola‡;;;;
149;1970;43;Love Story;False;Erich Segal;;;;
115;1963;36;Love with the Proper Stranger;False;Arnold Schulman;;;;
105;1961;34;Lover Come Back;False;Paul Henning & Stanley Shapiro;;;;
414;2023;96;Maestro;False;Bradley Cooper & Josh Singer;;;;
293;1999;72;Magnolia;False;Paul Thomas Anderson;;;;
83;1957;30;Man of a Thousand Faces;False;Screenplay: Robert Campbell, Ivan Goff & Ben Roberts;;;;
376;2016;89;Manchester by the Sea;True;Kenneth Lonergan‡;;;;
195;1979;52;Manhattan;False;Woody Allen & Marshall Brickman;;;;
354;2011;84;Margin Call;False;J. C. Chandor;;;;
25;1945;18;Marie-Louise;True;;;;;
393;2019;92;Marriage Story;False;Noah Baumbach;;;;
323;2005;78;Match Point;False;Woody Allen;;;;
415;2023;96;May December;False;Screenplay: Samy Burch;;;;
196;1980;53;Melvin and Howard;True;Bo Goldman‡;;;;
303;2001;74;Memento;False;Screenplay: Christopher Nolan;;;;
250;1990;63;Metropolitan;False;Whit Stillman;;;;
333;2007;80;Michael Clayton;False;Tony Gilroy;;;;
351;2011;84;Midnight in Paris;True;Woody Allen‡;;;;
417;;;Midnight in Paris;False;;Oldest winner;Woody Allen;76.0;[94]
273;1995;68;Mighty Aphrodite;False;Woody Allen;;;;
336;2008;81;Milk;True;Dustin Lance Black‡;;;;
399;2020;93;Minari;False;Lee Isaac Chung;;;;
199;1980;53;Mon oncle d'Amérique;False;Jean Gruault;;;;
38;1947;20;Monsieur Verdoux;False;;;;;
304;2001;74;Monster's Ball;False;Milo Addica & Will Rokos;;;;
359;2012;85;Moonrise Kingdom;False;Wes Anderson & Roman Coppola;;;;
231;1987;60;Moonstruck;True;John Patrick Shanley‡;;;;
74;1955;28;Mr. Hulot's Holiday;False;Henri Marquet & Jacques Tati;;;;
159;1972;45;Murmur of the Heart;False;Louis Malle;;;;
27;1945;18;Music for Millions;False;;;;;
228;1986;59;My Beautiful Laundrette;False;Hanif Kureishi;;;;
309;2002;75;My Big Fat Greek Wedding;False;Nia Vardalos;;;;
150;1970;43;My Night at Maud's;False;Éric Rohmer;;;;
40;1948;21;N/A [note 1][20];False;;;;;
365;2013;86;Nebraska;False;Bob Nelson;;;;
176;1976;49;Network;True;Paddy Chayefsky‡;;;;
100;1960;33;Never on Sunday;False;Jules Dassin;;;;
370;2014;87;Nightcrawler;False;Dan Gilroy;;;;
274;1995;68;Nixon;False;Stephen J. Rivele, Oliver Stone & Christopher Wilkinson;;;;
50;1950;23;No Way Out;False;Joseph L. Mankiewicz & Lesser Samuels;;;;
93;1959;32;North by Northwest;False;Ernest Lehman;;;;
33;1946;19;Notorious;False;;;;;
66;1954;27;On the Waterfront;True;Budd Schulberg‡;;;;
395;2019;92;Once Upon a Time in Hollywood;False;Quentin Tarantino;;;;
11;1942;15;One of Our Aircraft Is Missing;False;;;;;
118;1964;37;One Potato, Two Potato;False;Screenplay: Orville H. Hampton;;;;
94;1959;32;Operation Petticoat;False;Screenplay: Shapiro & Richlin;;;;
43;1949;22;Paisan;False;;;;;
329;2006;79;Pan's Labyrinth;False;Guillermo del Toro;;;;
391;2019;92;Parasite;True;Screenplay: Bong Joon-ho & Han Jin-won;;;;
259;1992;65;Passion Fish;False;John Sayles;;;;
44;1949;22;Passport to Pimlico;False;;;;;
416;2023;96;Past Lives;False;Celine Song;;;;
59;1952;25;Pat and Mike;False;Ruth Gordon & Garson Kanin;;;;
146;1970;43;Patton;True;Francis Ford Coppola & Edmund H. North‡;;;;
264;1993;66;Philadelphia;False;Ron Nyswaner;;;;
91;1959;32;Pillow Talk;True;Screenplay: Stanley Shapiro & Maurice Richlin;;;;
216;1984;57;Places in the Heart;True;Robert Benton‡;;;;
229;1986;59;Platoon;False;Oliver Stone;;;;
15;1943;16;Princess O'Rourke;True;;;;;
200;1980;53;Private Benjamin;False;Nancy Meyers, Harvey Miller & Charles Shyer;;;;
397;2020;93;Promising Young Woman;True;Emerald Fennell‡;;;;
266;1994;67;Pulp Fiction;True;Screenplay: Quentin Tarantino;;;;
235;1987;60;Radio Days;False;Woody Allen;;;;
236;1988;61;Rain Man;True;Screenplay: Ronald Bass & Barry Morrow;;;;
334;2007;80;Ratatouille;False;Screenplay: Brad Bird;;;;
205;1981;54;Reds;False;Trevor Griffiths & Warren Beatty;;;;
12;1942;15;Road to Morocco;False;;;;;
34;1946;19;Road to Utopia;False;;;;;
179;1976;49;Rocky;False;Sylvester Stallone;;;;
389;2018;91;Roma;False;Alfonso Cuarón;;;;
240;1988;61;Running on Empty;False;Naomi Foner Gyllenhaal;;;;
28;1945;18;Salty O'Rourke;False;;;;;
230;1986;59;Salvador;False;Richard Boyle & Stone;;;;
164;1973;46;Save the Tiger;False;Steve Shagan;;;;
289;1998;71;Saving Private Ryan;False;Robert Rodat;;;;
279;1996;69;Secrets & Lies;False;Mike Leigh;;;;
7;1941;14;Sergeant York;False;;;;;
180;1976;49;Seven Beauties;False;Lina Wertmüller;;;;
244;1989;62;Sex, Lies, and Videotape;False;Steven Soderbergh;;;;
286;1998;71;Shakespeare in Love;True;Marc Norman & Tom Stoppard‡;;;;
175;1975;48;Shampoo;False;Robert Towne & Warren Beatty;;;;
280;1996;69;Shine;False;Screenplay: Jan Sardi;;;;
39;1947;20;Shoeshine;False;;;;;
214;1983;56;Silkwood;False;Alice Arlen & Nora Ephron;;;;
265;1993;66;Sleepless in Seattle;False;Screenplay: Jeff Arch, Nora Ephron & David S. Ward;;;;
19;1943;16;So Proudly We Hail!;False;;;;;
400;2020;93;Sound of Metal;False;Screenplay: Abraham & Darius Marder;;;;
220;1984;57;Splash;False;Screenplay: Bruce Jay Friedman, Lowell Ganz & Babaloo Mandel;;;;
101;1961;34;Splendor in the Grass;True;William Inge‡;;;;
371;2015;88;Spotlight;True;Josh Singer & Tom McCarthy‡;;;;
184;1977;50;Star Wars;False;George Lucas;;;;
375;2015;88;Straight Outta Compton;False;Screenplay: Andrea Berloff & Jonathan Herman;;;;
154;1971;44;Summer of '42;False;Herman Raucher;;;;
155;1971;44;Sunday Bloody Sunday;False;Penelope Gilliatt;;;;
46;1950;23;Sunset Boulevard;True;Charles Brackett, D. M. Marshman Jr. & Billy Wilder‡;;;;
325;2005;78;Syriana;False;Stephen Gaghan;;;;
410;2022;95;Tár;False;Todd Field;;;;
65;1953;26;Take the High Ground!;False;Millard Kaufman;;;;
306;2002;75;Talk to Her;True;Pedro Almodóvar‡;;;;
8;1941;14;Tall, Dark and Handsome;False;;;;;
90;1958;31;Teacher's Pet;False;Fay Kanin & Michael Kanin;;;;
211;1983;56;Tender Mercies;True;Horton Foote‡;;;;
120;1964;37;That Man from Rio;False;Daniel Boulanger, Philippe de Broca, Ariane Mnouchkine & Jean-Paul Rappeneau;;;;
109;1962;35;That Touch of Mink;False;Nate Monaster & Stanley Shapiro;;;;
92;1959;32;The 400 Blows;False;Marcel Moussy & François Truffaut;;;;
97;1960;33;The Angry Silence;False;Screenplay: Bryan Forbes;;;;
96;1960;33;The Apartment;True;I. A. L. Diamond & Billy Wilder‡;;;;
352;2011;84;The Artist;False;Michel Hazanavicius;;;;
57;1952;25;The Atomic City;False;Sydney Boehm;;;;
317;2004;77;The Aviator;False;John Logan;;;;
35;1947;20;The Bachelor and the Bobby-Soxer;True;;;;;
62;1953;26;The Band Wagon;False;Betty Comden & Adolph Green;;;;
408;2022;95;The Banshees of Inisherin;False;Martin McDonagh;;;;
312;2003;76;The Barbarian Invasions;False;Denys Arcand;;;;
67;1954;27;The Barefoot Contessa;False;Joseph L. Mankiewicz;;;;
137;1968;41;The Battle of Algiers;False;Gillo Pontecorvo & Franco Solinas;;;;
212;1983;56;The Big Chill;False;Barbara Benedek & Lawrence Kasdan;;;;
382;2017;90;The Big Sick;False;Emily V. Gordon & Kumail Nanjiani;;;;
31;1946;19;The Blue Dahlia;False;;;;;
77;1956;29;The Bold and the Brave;False;Robert Lewin;;;;
156;1972;45;The Candidate;True;Jeremy Larner‡;;;;
194;1979;52;The China Syndrome;False;James Bridges, T. S. Cook & Mike Gray;;;;
168;1974;47;The Conversation;False;Francis Ford Coppola;;;;
72;1955;28;The Court-Martial of Billy Mitchell;False;Emmet Lavery & Milton Sperling;;;;
256;1992;65;The Crying Game;True;Neil Jordan‡;;;;
143;1969;42;The Damned;False;Screenplay: Nicola Badalucco, Enrico Medioli & Luchino Visconti;;;;
188;1978;51;The Deer Hunter;False;Screenplay: Deric Washburn;;;;
86;1958;31;The Defiant Ones;True;Nedrick Young & Harold Jacob Smith‡ [note 2];;;;
63;1953;26;The Desert Rats;False;Richard Murphy;;;;
6;1941;14;The Devil and Miss Jones;False;;;;;
157;1972;45;The Discreet Charm of the Bourgeoisie;False;Screenplay & Story: Luis Buñuel;;;;
409;2022;95;The Fabelmans;False;Tony Kushner & Steven Spielberg;;;;
98;1960;33;The Facts of Life;False;Melvin Frank & Norman Panama;;;;
387;2018;91;The Favourite;False;Deborah Davis & Tony McNamara;;;;
348;2010;83;The Fighter;False;Screenplay: Eric Johnson, Scott Silver & Paul Tamasy;;;;
254;1991;64;The Fisher King;False;Richard LaGravenese;;;;
128;1966;39;The Fortune Cookie;False;I. A. L. Diamond & Billy Wilder;;;;
114;1963;36;The Four Days of Naples;False;Screenplay: Carlo Bernari, Pasquale Festa Campanile, Massimo Franciosa & Nanni Loy;;;;
178;1976;49;The Front;False;Walter Bernstein;;;;
285;1997;70;The Full Monty;False;Simon Beaufoy;;;;
69;1954;27;The Glenn Miller Story;False;Oscar Brodney & Valentine Davies;;;;
87;1958;31;The Goddess;False;Paddy Chayefsky;;;;
182;1977;50;The Goodbye Girl;False;Neil Simon;;;;
369;2014;87;The Grand Budapest Hotel;False;Screenplay: Wes Anderson;;;;
4;1940;13;The Great Dictator;False;;;;;
0;1940;13;The Great McGinty;True;;;;;
413;2023;96;The Holdovers;False;David Hemingson;;;;
151;1971;44;The Hospital;True;Paddy Chayefsky‡;;;;
341;2009;82;The Hurt Locker;True;Mark Boal‡;;;;
319;2004;77;The Incredibles;False;Brad Bird;;;;
350;2010;83;The Kids Are All Right;False;Stuart Blumberg & Lisa Cholodenko;;;;
346;2010;83;The King's Speech;True;David Seidler‡;;;;
80;1956;29;The Ladykillers;False;William Rose;;;;
183;1977;50;The Late Show;False;Robert Benton;;;;
56;1952;25;The Lavender Hill Mob;True;T. E. B. Clarke‡;;;;
379;2016;89;The Lobster;False;Efthimis Filippou & Yorgos Lanthimos;;;;
49;1950;23;The Men;False;Carl Foreman;;;;
343;2009;82;The Messenger;False;Alessandro Camon & Oren Moverman;;;;
22;1944;17;The Miracle of Morgan's Creek;False;;;;;
130;1966;39;The Naked Prey;False;Clint Johnston & Don Peters;;;;
64;1953;26;The Naked Spur;False;Harold Jack Bloom & Sam Rolfe;;;;
18;1943;16;The North Star;False;;;;;
224;1985;58;The Official Story;False;Aída Bortnik & Luis Puenzo;;;;
119;1964;37;The Organizer;False;Age, Mario Monicelli & Furio Scarpelli;;;;
261;1993;66;The Piano;True;Jane Campion‡;;;;
136;1968;41;The Producers;True;Mel Brooks‡;;;;
225;1985;58;The Purple Rose of Cairo;False;Woody Allen;;;;
330;2006;79;The Queen;False;Peter Morgan;;;;
45;1949;22;The Quiet One;False;;;;;
76;1956;29;The Red Balloon;True;Albert Lamorisse‡;;;;
305;2001;74;The Royal Tenenbaums;False;Wes Anderson & Owen Wilson;;;;
335;2007;80;The Savages;False;Tamara Jenkins;;;;
75;1955;28;The Seven Little Foys;False;Melville Shavelson & Jack Rose;;;;
30;1946;19;The Seventh Veil;True;;;;;
384;2017;90;The Shape of Water;False;Screenplay: Guillermo del Toro & Vanessa Taylor;;;;
89;1958;31;The Sheepman;False;Screenplay: William Bowers & James Edward Grant;;;;
294;1999;72;The Sixth Sense;False;M. Night Shyamalan;;;;
324;2005;78;The Squid and the Whale;False;Noah Baumbach;;;;
161;1973;46;The Sting;True;David S. Ward‡;;;;
84;1957;30;The Tin Star;False;Screenplay: Dudley Nichols;;;;
124;1965;38;The Train;False;Franklin Coen & Frank Davis;;;;
401;2020;93;The Trial of the Chicago 7;False;Aaron Sorkin;;;;
290;1998;71;The Truman Show;False;Andrew Niccol;;;;
185;1977;50;The Turning Point;False;Arthur Laurents;;;;
125;1965;38;The Umbrellas of Cherbourg;False;Jacques Demy;;;;
271;1995;68;The Usual Suspects;True;Christopher McQuarrie‡;;;;
14;1942;15;The War Against Mrs. Hadley;False;;;;;
55;1951;24;The Well;False;Clarence Greene & Russell Rouse;;;;
145;1969;42;The Wild Bunch;False;Screenplay: Walon Green & Sam Peckinpah;;;;
406;2021;94;The Worst Person in the World;False;Joachim Trier & Eskil Vogt;;;;
251;1991;64;Thelma & Louise;True;Callie Khouri‡;;;;
123;1965;38;Those Magnificent Men in Their Flying Machines;False;Ken Annakin & Jack Davies;;;;
385;2017;90;Three Billboards Outside Ebbing, Missouri;False;Martin McDonagh;;;;
270;1994;67;Three Colours: Red;False;Krzysztof Kieślowski & Krzysztof Piesiewicz;;;;
110;1962;35;Through a Glass Darkly;False;Ingmar Bergman;;;;
61;1953;26;Titanic;True;Charles Brackett, Richard L. Breen & Walter Reisch‡;;;;
9;1941;14;Tom, Dick and Harry;False;;;;;
210;1982;55;Tootsie;False;Screenplay: Larry Gelbart & Murray Schisgal;;;;
295;1999;72;Topsy-Turvy;False;Mike Leigh;;;;
275;1995;68;Toy Story;False;Screenplay: Joel Cohen, Alec Sokolow, Andrew Stanton & Joss Whedon;;;;
411;2022;95;Triangle of Sadness;False;Ruben Östlund;;;;
135;1967;40;Two for the Road;False;Frederic Raphael;;;;
23;1944;17;Two Girls and a Sailor;False;;;;;
260;1992;65;Unforgiven;False;David Peoples;;;;
345;2009;82;Up;False;Screenplay: Pete Docter & Bob Peterson;;;;
320;2004;77;Vera Drake;False;Mike Leigh;;;;
390;2018;91;Vice;False;Adam McKay;;;;
60;1952;25;Viva Zapata!;False;John Steinbeck;;;;
13;1942;15;Wake Island;False;;;;;
340;2008;81;WALL-E;False;Screenplay: Jim Reardon & Andrew Stanton;;;;
215;1983;56;WarGames;False;Lawrence Lasker & Walter Parkes;;;;
29;1945;18;What Next, Corporal Hargrove?;False;;;;;
245;1989;62;When Harry Met Sally...;False;Nora Ephron;;;;
95;1959;32;Wild Strawberries;False;Ingmar Bergman;;;;
20;1944;17;Wilson;True;;;;;
24;1944;17;Wing and a Prayer;False;;;;;
221;1985;58;Witness;True;Screenplay: William Kelley & Earl W. Wallace;;;;
10;1942;15;Woman of the Year;True;;;;;
310;2002;75;Y Tu Mamá También;False;Alfonso & Carlos Cuarón;;;;
300;2000;73;You Can Count on Me;False;Kenneth Lonergan;;;;
160;1972;45;Young Winston;False;Carl Foreman;;;;
360;2012;85;Zero Dark Thirty;False;Mark Boal;;;;
