id;Year;Edition;Film;Song;Nominees;Won
380;1991;64;Robin Hood: Prince of Thieves;(Everything I Do) I Do It for You;Michael Kamen (music);
535;2019;92;Rocketman;(I'm Gonna) Love Me Again;Elton John (music);
65;1942;15;Orchestra Wives;(I've Got a Gal in) Kalamazoo;Harry Warren (music);
354;1987;60;Dirty Dancing;(I've Had) The Time of My Life;John DeNicola, Donald Markowitz & Franke Previte (music);
165;1955;28;The Tender Trap;(Love Is) The Tender Trap;Jimmy Van Heusen (music);
313;1980;53;9 to 5;9 to 5;Dolly Parton (music & lyrics);False
181;1958;31;A Certain Smile;A Certain Smile;Sammy Fain (music);
434;2000;73;Meet the Parents;A Fool in Love;Randy Newman (music & lyrics);False
118;1947;20;The Time, the Place and the Girl;A Gal in Calico;Arthur Schwartz (music);
451;2003;76;A Mighty Wind;A Kiss at the End of the Rainbow;Michael McKean & Annette O'Toole (music & lyrics);False
142;1951;24;The Strip;A Kiss to Build a Dream On;Bert Kalmar (p.n.), Oscar Hammerstein II & Harry Ruby (music & lyrics);False
431;2000;73;Crouching Tiger, Hidden Dragon;A Love Before Time;Jorge Calandrelli & Tan Dun (music);
14;1936;9;The Trail of the Lonesome Pine;A Melody from the Sky;Louis Alter (music);
27;1938;11;The Lady Objects;A Mist Is Over the Moon;Ben Oakland (music);
421;1998;71;The Horse Whisperer;A Soft Place to Fall;Allison Moorer & Gwil Owen (music & lyrics);False
230;1966;39;An American Dream;A Time for Love;Johnny Mandel (music);
183;1958;31;Marjorie Morningstar;A Very Precious Love;Fain (music);
382;1992;65;Aladdin;A Whole New World;Alan Menken (music);
392;1993;66;Sleepless in Seattle;A Wink and a Smile;Marc Shaiman (music);
289;1976;49;Half a House;A World That Never Was;Sammy Fain (music);
99;1945;18;Here Come the Waves;Ac-Cent-Tchu-Ate the Positive;Harold Arlen (music);
458;2004;77;Shrek 2;Accidentally in Love;Counting Crows (music);
365;1989;62;Chances Are;After All;Tom Snow (music);
391;1993;66;Poetic Justice;Again;Janet Jackson, Jimmy Jam & Terry Lewis (music & lyrics);False
337;1984;57;Against All Odds;Against All Odds (Take a Look at Me Now);Phil Collins (music & lyrics);False
454;2004;77;The Motorcycle Diaries;Al otro lado del río;Jorge Drexler (music & lyrics);True
229;1966;39;Alfie;Alfie;Burt Bacharach (music);
262;1971;44;Sometimes a Great Notion;All His Children;Henry Mancini (music);
274;1973;46;A Touch of Class;All That Love Went to Waste;George Barrie (music);
531;2018;91;Black Panther;All the Stars;Kendrick Lamar, Sounwave & Anthony Tiffith (music);
174;1957;30;The Joker Is Wild;All the Way;Jimmy Van Heusen (music);
111;1946;19;Centennial Summer;All Through the Day;Jerome Kern (p.n.) (music);
182;1958;31;Houseboat;Almost in Your Arms;Ray Evans & Jay Livingston (music & lyrics);False
483;2009;82;The Princess and the Frog;Almost There;Randy Newman (music & lyrics);False
28;1938;11;Mannequin;Always and Always;Edward Ward (music);
59;1942;15;Always in My Heart;Always in My Heart;Ernesto Lecuona (music);
148;1952;25;Son of Paleface;Am I in Love;Jack Brooks (music & lyrics);False
175;1957;30;An Affair to Remember;An Affair to Remember;Harry Warren (music);
104;1945;18;Tonight and Every Night;Anywhere;Jule Styne (music);
554;2022;95;Tell It Like a Woman;Applause;Diane Warren (music & lyrics);False
176;1957;30;April Love;April Love;Sammy Fain (music);
96;1945;18;The Bells of St. Mary's;Aren't You Glad You're You?;Jimmy Van Heusen (music);
318;1981;54;Arthur;Arthur's Theme (Best That You Can Do);Peter Allen, Burt Bacharach, Christopher Cross & Carole Bayer Sager (music & lyrics);True
519;2016;89;La La Land;Audition (The Fools Who Dream);Hurwitz (music);
290;1976;49;The Omen;Ave Satani;Jerry Goldsmith (music & lyrics);False
52;1941;14;Dumbo;Baby Mine;Frank Churchill (music);
126;1949;22;Neptune's Daughter;Baby, It's Cold Outside;Frank Loesser (music & lyrics);True
199;1961;34;Bachelor in Paradise;Bachelor in Paradise;Mancini (music);
549;2021;94;King Richard;Be Alive;Beyoncé & DIXSON (music & lyrics);False
54;1941;14;Ridin' on a Rainbow;Be Honest with Me;Gene Autry & Fred Rose (music & lyrics);False
135;1950;23;The Toast of New Orleans;Be My Love;Slug Brodszky (music);
377;1991;64;Beauty and the Beast;Be Our Guest;Menken (music);
386;1992;65;The Mambo Kings;Beautiful Maria of My Soul;Robert Kraft (music);
376;1991;64;Beauty and the Beast;Beauty and the Beast;Alan Menken (music);
410;1996;69;Up Close and Personal;Because You Loved Me;Diane Warren (music & lyrics);False
145;1952;25;Because You're Mine;Because You're Mine;Slug Brodszky (music);
495;2012;85;Chasing Ice;Before My Time;J. Ralph (music & lyrics);False
457;2004;77;The Polar Express;Believe;Glen Ballard & Alan Silvestri (music & lyrics);False
378;1991;64;Beauty and the Beast;Belle;Menken (music);
452;2003;76;The Triplets of Belleville;Belleville Rendez-vous;Benoît Charest (music);
265;1972;45;Ben;Ben;Walter Scharf (music);
133;1950;23;Cinderella;Bibbidi-Bobbidi-Boo;Mack David, Al Hoffman & Jerry Livingston (music & lyrics);False
427;1999;72;South Park: Bigger, Longer & Uncut;Blame Canada;Trey Parker & Marc Shaiman (music & lyrics);False
374;1990;63;Young Guns II;Blaze of Glory;Jon Bon Jovi (music & lyrics);False
278;1974;47;Blazing Saddles;Blazing Saddles;John Morris (music);
260;1971;44;Bless the Beasts & Children;Bless the Beasts & Children;Perry Botkin Jr. & Barry De Vorzon (music and lyrics);False
152;1953;26;Miss Sadie Thompson;Blue Pacific Blues;Lester Lee (music);
50;1941;14;Blues in the Night;Blues in the Night;Harold Arlen (music);
51;1941;14;Buck Privates;Boogie Woogie Bugle Boy;Hughie Prince (music);
228;1966;39;Born Free;Born Free;John Barry (music);
444;2002;75;Frida;Burn It Blue;Elliot Goldenthal (music);
120;1948;21;The Paleface;Buttons and Bows;Ray Evans & Jay Livingston (music & lyrics);True
210;1963;36;Papa's Delicate Condition;Call Me Irresponsible;Jimmy Van Heusen (music);
361;1988;61;Bagdad Cafe;Calling You;Bob Telson (music & lyrics);False
394;1994;67;The Lion King;Can You Feel the Love Tonight;Elton John (music);
295;1977;50;Pete's Dragon;Candle on the Water;Joel Hirschhorn & Al Kasha (music & lyrics);False
521;2016;89;Trolls;Can't Stop the Feeling!;Max Martin, Shellback & Justin Timberlake (music & lyrics);False
2;1934;7;Flying Down to Rio;Carioca;Vincent Youmans (music);
72;1943;16;Hit Parade of 1943;Change of Heart;Jule Styne (music);
24;1938;11;Carefree;Change Partners;Irving Berlin (music & lyrics);False
212;1963;36;Charade;Charade;Henry Mancini (music);
55;1941;14;Sun Valley Serenade;Chattanooga Choo Choo;Harry Warren (music);
7;1935;8;Top Hat;Cheek to Cheek;Irving Berlin (music & lyrics);False
216;1964;37;Mary Poppins;Chim Chim Cher-ee;Robert B. Sherman and Richard M. Sherman (music & lyrics);True
241;1968;41;Chitty Chitty Bang Bang;Chitty Chitty Bang Bang;Sherman Brothers (music & lyrics);False
396;1994;67;The Lion King;Circle of Life;Elton John (music);
517;2016;89;La La Land;City of Stars;Justin Hurwitz (music);
400;1995;68;Pocahontas;Colors of the Wind;Alan Menken (music);
267;1972;45;The Little Ark;Come Follow, Follow Me;Fred Karlin (music);
249;1969;42;The Sterile Cuckoo;Come Saturday Morning;Fred Karlin (music);
291;1976;49;The Pink Panther Strikes Again;Come to Me;Henry Mancini (music);
488;2010;83;Country Strong;Coming Home;Tom Douglas, Hillary Lindsey & Troy Verges (music & lyrics);False
160;1954;27;White Christmas;Count Your Blessings;Irving Berlin (music & lyrics);False
356;1987;60;Cry Freedom;Cry Freedom;George Fenton & Jonas Gwangwa (music & lyrics);False
204;1962;35;Days of Wine and Roses;Days of Wine and Roses;Henry Mancini (music);
401;1995;68;Dead Man Walking;Dead Man Walkin';Bruce Springsteen (music & lyrics);False
217;1964;37;Dear Heart;Dear Heart;Henry Mancini (music);
66;1942;15;You Were Never Lovelier;Dearly Beloved;Jerome Kern (music);
13;1936;9;Suzy;Did I Remember;Walter Donaldson (music);
53;1941;14;Las Vegas Nights;Dolores;Louis Alter (music);
547;2021;94;Encanto;Dos Oruguitas;Lin-Manuel Miranda (music & lyrics);False
39;1940;13;Down Argentine Way;Down Argentine Way;Harry Warren (music);
484;2009;82;The Princess and the Frog;Down in New Orleans;Randy Newman (music & lyrics);False
478;2008;81;WALL-E;Down to Earth;Peter Gabriel & Thomas Newman (music);
546;2021;94;Belfast;Down to Joy;Van Morrison (music & lyrics);False
31;1938;11;Under Western Stars;Dust;Johnny Marvin (music and lyrics);False
512;2015;88;Fifty Shades of Grey;Earned It;Belly, DeHeala, Stephan Moccio & The Weeknd (music & lyrics);False
319;1981;54;Endless Love;Endless Love;Lionel Richie (music & lyrics);False
98;1945;18;Earl Carroll Vanities;Endlessly;Walter Kent (music);
288;1976;49;A Star Is Born;Evergreen (Love Theme from A Star Is Born);Barbra Streisand (music);
498;2012;85;Ted;Everybody Needs a Best Friend;Walter Murphy (music);
509;2014;87;The Lego Movie;Everything Is Awesome;Shawn Patterson (music & lyrics);False
326;1982;55;Rocky III;Eye of the Tiger;Jim Peterik & Frankie Sullivan (music & lyrics);False
34;1939;12;Gulliver's Travels;Faithful Forever;Ralph Rainger (music);
470;2007;80;Once;Falling Slowly;Glen Hansard & Markéta Irglová (music & lyrics);True
312;1980;53;Fame;Fame;Michael Gore (music);
196;1960;33;Pepe;Faraway Part of Town;André Previn (music);
446;2002;75;The Wild Thornberrys Movie;Father and Daughter;Paul Simon (music & lyrics);False
540;2020;93;Judas and the Black Messiah;Fight for You;D'Mile & H.E.R. (music);
330;1983;56;Flashdance;Flashdance... What a Feeling;Giorgio Moroder (music);
205;1962;35;Mutiny on the Bounty;Follow Me;Bronisław Kaper (music);
338;1984;57;Footloose;Footloose;Kenny Loggins & Dean Pitchford (music & lyrics);False
252;1970;43;Lovers and Other Strangers;For All We Know;Fred Karlin (music);
121;1948;21;Casbah;For Every Man There's a Woman;Harold Arlen (music);
242;1968;41;For Love of Ivy;For Love of Ivy;Quincy Jones (music);
408;1996;69;One Fine Day;For the First Time;Jud J. Friedman, James Newton Howard & Allan Dennis Rich (music & lyrics);False
320;1981;54;For Your Eyes Only;For Your Eyes Only;Bill Conti (music);
383;1992;65;Aladdin;Friend Like Me;Menken (music);
169;1956;29;Friendly Persuasion;Friendly Persuasion;Dimitri Tiomkin (music);
243;1968;41;Funny Girl;Funny Girl;Jule Styne (music);
231;1966;39;Georgy Girl;Georgy Girl;Tom Springfield (music);
340;1984;57;Ghostbusters;Ghostbusters;Ray Parker Jr. (music & lyrics);False
180;1958;31;Gigi;Gigi;Frederick Loewe (music);
350;1986;59;The Karate Kid Part II;Glory of Love;Peter Cetera & David Foster (music);
505;2014;87;Selma;Glory;Common & John Legend (music & lyrics);True
416;1997;70;Hercules;Go the Distance;Alan Menken (music);
292;1976;49;Rocky;Gonna Fly Now;Bill Conti (music);
507;2014;87;Beyond the Lights;Grateful;Diane Warren (music & lyrics);False
397;1994;67;The Lion King;Hakuna Matata;Elton John (music);
70;1943;16;Cabin in the Sky;Happiness Is a Thing Called Joe;Harold Arlen (music);
472;2007;80;Enchanted;Happy Working Song;Alan Menken (music);
501;2013;86;Despicable Me 2;Happy;Pharrell Williams (music & lyrics);False
402;1995;68;Don Juan DeMarco;Have You Ever Really Loved a Woman?;Bryan Adams, Michael Kamen & Mutt Lange (music & lyrics);False
297;1977;50;The Slipper and the Rose;He/She Danced with Me;Sherman Brothers (music & lyrics);False
544;2020;93;The Trial of the Chicago 7;Hear My Voice;Daniel Pemberton (music);
186;1959;32;A Hole in the Head;High Hopes;Jimmy Van Heusen (music);
159;1954;27;Susan Slept Here;Hold My Hand;Jack Lawrence & Richard Myers (music & lyrics);False
555;2022;95;Top Gun: Maverick;Hold My Hand;BloodPop & Lady Gaga (music & lyrics);False
302;1978;51;Grease;Hopelessly Devoted to You;John Farrar (music & lyrics);False
60;1942;15;Babes on Broadway;How About You?;Burton Lane (music);
414;1997;70;Con Air;How Do I Live;Diane Warren (music and lyrics);False
325;1982;55;Best Friends;How Do You Keep the Music Playing?;Michel Legrand (music);
520;2016;89;Moana;How Far I'll Go;Lin-Manuel Miranda (music & lyrics);False
283;1975;48;Funny Lady;How Lucky Can You Get;Fred Ebb & John Kander (music & lyrics);False
541;2020;93;Eurovision Song Contest: The Story of Fire Saga;Husavik;Rickard Göransson, Fat Max Gsus & Savan Kotecha (music & lyrics);False
218;1964;37;Hush...Hush, Sweet Charlotte;Hush... Hush, Sweet Charlotte;De Vol (music);
112;1946;19;The Dolly Sisters;I Can't Begin to Tell You;James V. Monaco (p.n.) (music);
539;2019;92;Toy Story 4;I Can't Let You Throw Yourself Away;Randy Newman (music & lyrics);False
84;1944;17;Higher and Higher;I Couldn't Sleep a Wink Last Night;Jimmy McHugh (music);
419;1998;71;Armageddon;I Don't Want to Miss a Thing;Diane Warren (music & lyrics);False
94;1945;18;Anchors Aweigh;I Fall in Love Too Easily;Jule Styne (music);
277;1974;47;Benji;I Feel Love;Euel Box (music);
407;1996;69;The Mirror Has Two Faces;I Finally Found Someone;Bryan Adams, Marvin Hamlisch, Mutt Lange & Barbra Streisand (music & lyrics);False
384;1992;65;The Bodyguard;I Have Nothing;David Foster (music);
336;1984;57;The Woman in Red;I Just Called to Say I Love You;Stevie Wonder (music & lyrics);True
367;1989;62;Parenthood;I Love to See You Smile;Randy Newman (music & lyrics);False
443;2002;75;Chicago;I Move On;John Kander (music);
464;2006;79;An Inconvenient Truth;I Need to Wake Up;Melissa Etheridge (music & lyrics);True
36;1939;12;Second Fiddle;I Poured My Heart into a Song;Irving Berlin (music and lyrics);False
489;2010;83;Tangled;I See the Light;Alan Menken (music);
225;1965;38;The Umbrellas of Cherbourg;I Will Wait for You;Michel Legrand (music);
117;1947;20;The Perils of Pauline;I Wish I Didn't Love You So;Frank Loesser (music & lyrics);False
46;1940;13;You'll Find Out;I'd Know You Anywhere;Jimmy McHugh (music);
436;2001;74;Monsters, Inc.;If I Didn't Have You;Randy Newman (music & lyrics);True
487;2010;83;127 Hours;If I Rise;A. R. Rahman (music);
328;1982;55;Yes, Giorgio;If We Were in Love;John Williams (music);
102;1945;18;Sing Your Way Home;I'll Buy That Dream;Allie Wrubel (music);
533;2018;91;RBG;I'll Fight;Diane Warren (music & lyrics);False
310;1979;52;The Promise;I'll Never Say Goodbye;David Shire (music);
164;1955;28;Love Me or Leave Me;I'll Never Stop Loving You;Slug Brodszky (music);
83;1944;17;Follow the Boys;I'll Walk Alone;Jule Styne (music);
373;1990;63;Postcards from the Edge;I'm Checkin' Out;Shel Silverstein (music & lyrics);False
282;1975;48;Nashville;I'm Easy;Keith Carradine (music & lyrics);True
558;2023;96;Barbie;I'm Just Ken;Mark Ronson & Andrew Wyatt (music & lyrics);False
90;1944;17;Sweet and Low-Down;I'm Making Believe;James V. Monaco (music);
508;2014;87;Glen Campbell: I'll Be Me;I'm Not Gonna Miss You;Glen Campbell & Julian Raymond (music & lyrics);False
536;2019;92;Breakthrough;I'm Standing with You;Diane Warren (music & lyrics);False
138;1951;24;Here Comes the Groom;In the Cool, Cool, Cool of the Evening;Hoagy Carmichael (music);
461;2005;78;Crash;In the Deep;Michael Becker & Bird York (music);
537;2019;92;Frozen II;Into the Unknown;Kristen Anderson-Lopez & Robert Lopez (music & lyrics);False
448;2003;76;The Lord of the Rings: The Return of the King;Into the West;Annie Lennox, Howard Shore & Fran Walsh (music & lyrics);True
542;2020;93;The Life Ahead;Io sì (Seen);Diane Warren (music);
306;1979;52;Norma Rae;It Goes Like It Goes;David Shire (music);
93;1945;18;State Fair;It Might as Well Be Spring;Richard Rodgers (music);
327;1982;55;Tootsie;It Might Be You;Dave Grusin (music);
557;2023;96;American Symphony;It Never Went Away;Jon Batiste & Dan Wilson (music & lyrics);False
41;1940;13;Music in My Heart;It's a Blue World;Chet Forrest & Bob Wright (music & lyrics);False
128;1949;22;It's a Great Feeling;It's a Great Feeling;Jule Styne (music);
213;1963;36;It's a Mad, Mad, Mad, Mad World;It's a Mad, Mad, Mad, Mad World;Ernest Gold (music);
307;1979;52;10;It's Easy to Say;Henry Mancini (music);
460;2005;78;Hustle & Flow;It's Hard out Here for a Pimp;Frayser Boy, Juicy J & DJ Paul (music & lyrics);True
122;1948;21;Romance on the High Seas;It's Magic;Jule Styne (music);
10;1936;9;Born to Dance;I've Got You Under My Skin;Cole Porter (music & lyrics);False
67;1942;15;Youth on Parade;I've Heard That Song Before;Jule Styne (music);
432;2000;73;Dancer in the Dark;I've Seen It All;Björk (music);
476;2008;81;Slumdog Millionaire;Jai Ho;A. R. Rahman (music);
248;1969;42;The Prime of Miss Jean Brodie;Jean;Rod McKuen (music & lyrics);False
26;1938;11;Going Places;Jeepers Creepers;Harry Warren (music);
413;1997;70;Anastasia;Journey to the Past;Stephen Flaherty (music);
171;1956;29;Julie;Julie;Leith Stevens (music);
366;1989;62;The Little Mermaid;Kiss the Girl;Menken (music);
300;1978;51;Thank God It's Friday;Last Dance;Paul Jabara (music & lyrics);True
130;1949;22;So Dear to My Heart;Lavender Blue;Eliot Daniel (music);
456;2004;77;The Phantom of the Opera;Learn to Be Lonely;Andrew Lloyd Webber (music);
500;2013;86;Frozen;Let It Go;Kristen Anderson-Lopez & Robert Lopez (music & lyrics);True
360;1988;61;Working Girl;Let the River Run;Carly Simon (music & lyrics);True
339;1984;57;Footloose;Let's Hear It for the Boy;Pitchford & Tom Snow (music & lyrics);False
352;1986;59;That's Life!;Life in a Looking Glass;Henry Mancini (music);
261;1971;44;Kotch;Life Is What You Make It;Marvin Hamlisch (music);
552;2022;95;Black Panther: Wakanda Forever;Lift Me Up;Ryan Coogler, Ludwig Göransson, Rihanna & Tems (music);
103;1945;18;The Story of G.I. Joe;Linda;Ann Ronell (music & lyrics);False
466;2006;79;Dreamgirls;Listen;Scott Cutler & Henry Krieger (music);
280;1974;47;The Little Prince;Little Prince;Frederick Loewe (music);
272;1973;46;Live and Let Die;Live and Let Die;Linda & Paul McCartney (music & lyrics);False
482;2009;82;Paris 36;Loin de Paname;Reinhardt Wagner (music);
82;1944;17;Cover Girl;Long Ago (and Far Away);Jerome Kern (music);
455;2004;77;The Chorus;Look to Your Path;Bruno Coulais (music);
395;1994;67;Junior;Look What Love Has Done;James Newton Howard, James Ingram, Carole Bayer Sager & Patty Smyth (music & lyrics);False
442;2002;75;8 Mile;Lose Yourself;Jeff Bass, Eminem & Luis Resto (music);
506;2014;87;Begin Again;Lost Stars;Gregg Alexander & Danielle Brisebois (music & lyrics);False
3;1934;7;She Loves Me Not;Love in Bloom;Ralph Rainger (music);
162;1955;28;Love Is a Many-Splendored Thing;Love Is a Many-Splendored Thing;Sammy Fain (music);
61;1942;15;Bambi;Love Is a Song;Frank Churchill (p.n.) (music);
100;1945;18;Love Letters;Love Letters;Victor Young (music);
43;1940;13;Second Chorus;Love of My Life;Artie Shaw (music);
467;2006;79;Dreamgirls;Love You I Do;Henry Krieger (music);
273;1973;46;Robin Hood;Love;George Bruns (music);
6;1935;8;Roberta;Lovely to Look At;Jerome Kern (music);
5;1935;8;Gold Diggers of 1935;Lullaby of Broadway;Harry Warren (music);
398;1994;67;The Paper;Make Up Your Mind;Randy Newman (music & lyrics);False
491;2011;84;The Muppets;Man or Muppet;Bret McKenzie (music & lyrics);True
331;1983;56;Flashdance;Maniac;Dennis Matkosky & Michael Sembello (music & lyrics);True
514;2015;88;Racing Extinction;Manta Ray;J. Ralph (music);
266;1972;45;The Life and Times of Judge Roy Bean;Marmalade, Molasses & Honey;Maurice Jarre (music);
438;2001;74;The Lord of the Rings: The Fellowship of the Ring;May It Be;Enya, Nicky & Roma Ryan (music and lyrics);False
351;1986;59;Little Shop of Horrors;Mean Green Mother from Outer Space;Alan Menken (music);
29;1938;11;Merrily We Live;Merrily We Live;Phil Charig (music);
527;2017;90;Mudbound;Mighty River;Mary J. Blige, Raphael Saadiq & Taura Stinson (music & lyrics);False
415;1997;70;Good Will Hunting;Miss Misery;Elliott Smith (music & lyrics);False
132;1950;23;Captain Carey, U.S.A.;Mona Lisa;Ray Evans & Jay Livingston (music & lyrics);True
198;1961;34;Breakfast at Tiffany's;Moon River;Henry Mancini (music);
403;1995;68;Sabrina;Moonlight;John Williams (music);
97;1945;18;Can't Help Singing;More and More;Jerome Kern (p.n.) (music);
214;1963;36;Mondo Cane;More;Nino Oliviero & Riz Ortolani (music);
134;1950;23;Singing Guns;Mule Train;Fred Glickman, Hy Heath & Johnny Lange (music & lyrics);False
426;1999;72;Music of the Heart;Music of My Heart;Diane Warren (music & lyrics);False
154;1953;26;Small Town Girl;My Flaming Heart;Slug Brodszky (music);
129;1949;22;My Foolish Heart;My Foolish Heart;Victor Young (music);
433;2000;73;The Emperor's New Groove;My Funny Friend and Me;David Hartley & Sting (music);
412;1997;70;Titanic;My Heart Will Go On;James Horner (music);
219;1964;37;Robin and the 7 Hoods;My Kind of Town;Jimmy Van Heusen (music);
30;1938;11;That Certain Age;My Own;Jimmy McHugh (music);
74;1943;16;The Sky's the Limit;My Shining Hour;Arlen (music);
232;1966;39;Hawaii;My Wishing Doll;Elmer Bernstein (music);
524;2017;90;Call Me by Your Name;Mystery of Love;Sufjan Stevens (music & lyrics);False
551;2022;95;RRR;Naatu Naatu;M. M. Keeravani (music);
192;1960;33;Never on Sunday;Never on Sunday;Manos Hatzidakis (music & lyrics);True
139;1951;24;Golden Girl;Never;Lionel Newman (music);
271;1973;46;Cinderella Liberty;Nice to Be Around;John Williams (music);
545;2021;94;No Time to Die;No Time to Die;Billie Eilish & Finneas O'Connell (music & lyrics);True
298;1977;50;The Spy Who Loved Me;Nobody Does It Better;Marvin Hamlisch (music);
357;1987;60;Mannequin;Nothing's Gonna Stop Us Now;Albert Hammond & Diane Warren (music & lyrics);False
91;1944;17;Up in Arms;Now I Know;Harold Arlen (music);
23;1938;11;Alexander's Ragtime Band;Now It Can Be Told;Irving Berlin (music & lyrics);False
286;1975;48;Whiffs;Now That We're in Love;George Barrie (music);
477;2008;81;Slumdog Millionaire;O... Saya;Rahman & M.I.A. (music & lyrics);True
110;1946;19;Canyon Passage;Ole Buttermilk Sky;Hoagy Carmichael (music);
108;1946;19;The Harvey Girls;On the Atchison, Topeka and the Santa Fe;Harry Warren (music);
316;1980;53;Honeysuckle Rose;On the Road Again;Willie Nelson (music & lyrics);False
322;1981;54;Ragtime;One More Hour;Randy Newman (music & lyrics);False
42;1940;13;Rhythm on the River;Only Forever;James V. Monaco (music);
503;2013;86;Mandela: Long Walk to Freedom;Ordinary Love;U2 (music);
45;1940;13;Strike Up the Band;Our Love Affair;Roger Edens & Arthur Freed (music & lyrics);False
465;2006;79;Cars;Our Town;Randy Newman (music & lyrics);False
315;1980;53;Fame;Out Here on My Own;Michael Gore (music);
49;1941;14;All-American Co-ed;Out of the Silence;Lloyd B. Norlin (music and lyrics);False
33;1939;12;The Wizard of Oz;Over the Rainbow;Harold Arlen (music);
332;1983;56;Tender Mercies;Over You;Bobby Hart & Austin Roberts (music & lyrics);False
333;1983;56;Yentl;Papa, Can You Hear Me?;Michel Legrand (music);
115;1947;20;Good News;Pass That Peace Pipe;Ralph Blane, Roger Edens & Hugh Martin (music & lyrics);False
468;2006;79;Dreamgirls;Patience;Henry Krieger (music);
62;1942;15;Flying with Music;Pennies for Peppino;Edward Ward (music);
11;1936;9;Pennies from Heaven;Pennies from Heaven;Arthur Johnston (music);
314;1980;53;The Competition;People Alone;Lalo Schifrin (music);
390;1993;66;Philadelphia;Philadelphia;Neil Young (music & lyrics);True
255;1970;43;Pieces of Dreams;Pieces of Dreams;Michel Legrand (music);
63;1942;15;Hellzapoppin' [a];Pig Foot Pete;Gene de Paul (music);
497;2012;85;Life of Pi;Pi's Lullaby;Mychael Danna (music);
201;1961;34;Pocketful of Miracles;Pocketful of Miracles;Jimmy Van Heusen (music);
371;1990;63;The Godfather Part III;Promise Me You'll Remember;Carmine Coppola (music);
168;1956;29;The Man Who Knew Too Much;Que Sera, Sera;Ray Evans & Jay Livingston (music & lyrics);True
309;1979;52;The Muppet Movie;Rainbow Connection;Kenny Ascher & Paul Williams (music & lyrics);False
246;1969;42;Butch Cassidy and the Sundance Kid;Raindrops Keep Fallin' on My Head;Burt Bacharach (music);
471;2007;80;August Rush;Raise It Up;Jamal Joseph, Charles Mack & Tevin Thomas (music & lyrics);False
301;1978;51;Foul Play;Ready to Take a Chance Again;Charles Fox (music);
492;2011;84;Rio;Real in Rio;Carlinhos Brown & Sérgio Mendes (music);
88;1944;17;Minstrel Man;Remember Me to Carolina;Harry Revel (music);
18;1937;10;Mr. Dodd Takes the Air;Remember Me;Harry Warren (music);
523;2017;90;Coco;Remember Me;Kristen Anderson-Lopez & Robert Lopez (music & lyrics);True
285;1975;48;The Other Side of the Mountain;Richard's Window;Charles Fox (music);
81;1944;17;Brazil;Rio de Janeiro;Ary Barroso (music);
385;1992;65;The Bodyguard;Run to You;Jud J. Friedman (music);
73;1943;16;Saludos Amigos;Saludos Amigos;Charles Wolcott (music);
425;1999;72;Magnolia;Save Me;Aimee Mann (music & lyrics);False
71;1943;16;Hers to Hold;Say a Pray'r for the Boys Over There;Jimmy McHugh (music);
342;1985;58;White Nights;Say You, Say Me;Lionel Richie (music & lyrics);True
449;2003;76;Cold Mountain;Scarlet Tide;T Bone Burnett & Elvis Costello (music & lyrics);False
207;1962;35;Two for the Seesaw;Second Chance;André Previn (music);
150;1953;26;Calamity Jane;Secret Love;Sammy Fain (music);
346;1985;58;White Nights;Separate Lives;Stephen Bishop (music & lyrics);True
355;1987;60;Beverly Hills Cop II;Shakedown;Harold Faltermeyer & Keith Forsey (music);
529;2018;91;A Star Is Born;Shallow;Lady Gaga, Mark Ronson, Anthony Rossomando & Andrew Wyatt (music & lyrics);True
86;1944;17;Lady, Let's Dance;Silver Shadows and Golden Dreams;Lew Pollack (music);
515;2015;88;Youth;Simple Song #3;David Lang (music & lyrics);False
56;1941;14;You'll Never Get Rich;Since I Kissed My Baby Goodbye;Cole Porter (music & lyrics);False
345;1985;58;The Color Purple;Sister;Quincy Jones & Rod Temperton (music);
494;2012;85;Skyfall;Skyfall;Adele & Paul Epworth (music & lyrics);True
95;1945;18;Belle of the Yukon;Sleighride in July;Jimmy Van Heusen (music);
473;2007;80;Enchanted;So Close;Alan Menken (music);
106;1945;18;Wonder Man;So in Love;David Rose (music);
211;1963;36;55 Days at Peking;So Little Time;Dimitri Tiomkin (music);
101;1945;18;San Antonio;Some Sunday Morning;Ray Heindorf & M. K. Jerome (music);
548;2021;94;Four Good Days;Somehow You Do;Diane Warren (music & lyrics);False
296;1977;50;The Rescuers;Someone's Waiting for You;Sammy Fain (music);
163;1955;28;Daddy Long Legs;Something's Gotta Give;Johnny Mercer (music & lyrics);False
372;1990;63;Home Alone;Somewhere in My Memory;John Williams (music);
349;1986;59;An American Tail;Somewhere Out There;James Horner & Barry Mann (music);
370;1990;63;Dick Tracy;Sooner or Later;Stephen Sondheim (music & lyrics);True
543;2020;93;One Night in Miami...;Speak Now;Sam Ashworth & Leslie Odom Jr. (music & lyrics);False
526;2017;90;Marshall;Stand Up for Something;Diane Warren (music);
538;2019;92;Harriet;Stand Up;Joshuah Brian Campbell & Cynthia Erivo (music & lyrics);False
244;1968;41;Star!;Star!;Jimmy Van Heusen (music);
358;1987;60;The Princess Bride;Storybook Love;Willy DeVille (music & lyrics);False
190;1959;32;The Young Land;Strange Are the Ways of Love;Dimitri Tiomkin (music);
268;1972;45;The Stepmother;Strange Are the Ways of Love;Sammy Fain (music);
388;1993;66;Philadelphia;Streets of Philadelphia;Bruce Springsteen (music & lyrics);True
496;2012;85;Les Misérables;Suddenly;Claude-Michel Schönberg (music);
344;1985;58;A Chorus Line;Surprise, Surprise;Marvin Hamlisch (music);
85;1944;17;Hollywood Canteen;Sweet Dreams, Sweetheart;M. K. Jerome (music);
16;1937;10;Waikiki Wedding;Sweet Leilani;Harry Owens (music & lyrics);True
80;1944;17;Going My Way;Swinging on a Star;Jimmy Van Heusen (music);
481;2009;82;Nine;Take It All;Maury Yeston (music & lyrics);False
348;1986;59;Top Gun;Take My Breath Away;Giorgio Moroder (music);
234;1967;40;Doctor Dolittle;Talk to the Animals;Leslie Bricusse (music & lyrics);True
177;1957;30;Tammy and the Bachelor;Tammy;Ray Evans & Jay Livingston (music & lyrics);False
206;1962;35;Tender Is the Night;Tender Is the Night;Sammy Fain (music);
256;1970;43;Scrooge;Thank You Very Much;Leslie Bricusse (music & lyrics);False
22;1938;11;The Big Broadcast of 1938;Thanks for the Memory;Ralph Rainger (music);
77;1943;16;Star Spangled Rhythm;That Old Black Magic [b];Harold Arlen (music);
20;1937;10;Walter Wanger's Vogues of 1938;That Old Feeling;Sammy Fain (music);
409;1996;69;That Thing You Do!;That Thing You Do!;Adam Schlesinger (music & lyrics);False
420;1998;71;Babe: Pig in the City;That'll Do;Randy Newman (music & lyrics);False
151;1953;26;The Caddy;That's Amore;Harry Warren (music);
474;2007;80;Enchanted;That's How You Know;Alan Menken (music);
259;1971;44;Bedknobs and Broomsticks;The Age of Not Believing;Sherman Brothers (music & lyrics);False
223;1965;38;Cat Ballou;The Ballad of Cat Ballou;Jerry Livingston (music);
144;1952;25;High Noon;The Ballad of High Noon;Dimitri Tiomkin (music);
237;1967;40;The Jungle Book;The Bare Necessities;Terry Gilkyson (music & lyrics);False
187;1959;32;The Best of Everything;The Best of Everything;Alfred Newman (music);
105;1945;18;Why Girls Leave Home;The Cat and the Canary;Jay Livingston (music);
1;1934;7;The Gay Divorcee;The Continental;Con Conrad (music);
25;1938;11;The Cowboy and the Lady;The Cowboy and the Lady;Lionel Newman (music);
389;1993;66;Beethoven's 2nd;The Day I Fall in Love;James Ingram, Clif Magness & Carole Bayer Sager (music & lyrics);False
518;2016;89;Jim: The James Foley Story;The Empty Chair;J. Ralph & Sting (music & lyrics);False
235;1967;40;Banning;The Eyes of Love;Quincy Jones (music);
194;1960;33;The Facts of Life;The Facts of Life;Johnny Mercer (music & lyrics);False
200;1961;34;El Cid;The Falcon and the Dove;Miklós Rózsa (music);
560;2023;96;Flamin' Hot;The Fire Inside;Diane Warren (music & lyrics);False
321;1981;54;The Great Muppet Caper;The First Time It Happens;Joe Raposo (music & lyrics);False
188;1959;32;The Five Pennies;The Five Pennies;Sylvia Fine (music & lyrics);False
368;1989;62;Shirley Valentine;The Girl Who Used to Be Me;Marvin Hamlisch (music);
193;1960;33;The Alamo;The Green Leaves of Summer;Dimitri Tiomkin (music);
445;2002;75;Gangs of New York;The Hands That Built America;U2 (music & lyrics);False
189;1959;32;The Hanging Tree;The Hanging Tree;Jerry Livingston (music);
157;1954;27;The High and the Mighty;The High and the Mighty;Dimitri Tiomkin (music);
304;1978;51;Same Time, Next Year;The Last Time I Felt Like This;Marvin Hamlisch (music);
48;1941;14;Lady Be Good;The Last Time I Saw Paris;Jerome Kern (music);
236;1967;40;Casino Royale;The Look of Love;Burt Bacharach (music);
158;1954;27;A Star Is Born;The Man That Got Away;Harold Arlen (music);
153;1953;26;The Moon Is Blue;The Moon Is Blue;Herschel Burke Gilbert (music);
502;2013;86;Her;The Moon Song;Karen O (music);
264;1972;45;The Poseidon Adventure;The Morning After;Joel Hirschhorn & Al Kasha (music & lyrics);True
532;2018;91;Mary Poppins Returns;The Place Where Lost Things Go;Marc Shaiman (music);
343;1985;58;Back to the Future;The Power of Love;Johnny Colla & Chris Hayes (music);
422;1998;71;Quest for Camelot;The Prayer;David Foster & Carole Bayer Sager (music);
195;1960;33;High Time;The Second Time Around;Jimmy Van Heusen (music);
222;1965;38;The Sandpiper;The Shadow of Your Smile;Johnny Mandel (music);
224;1965;38;The Great Race;The Sweetheart Tree;Henry Mancini (music);
87;1944;17;Meet Me in St. Louis;The Trolley Song;Ralph Blane & Hugh Martin (music & lyrics);False
334;1983;56;Yentl;The Way He Makes Me Feel;Michel Legrand (music);
270;1973;46;The Way We Were;The Way We Were;Marvin Hamlisch (music);
9;1936;9;Swing Time;The Way You Look Tonight;Jerome Kern (music);
480;2009;82;Crazy Heart;The Weary Kind;Ryan Bingham & T Bone Burnett (music & lyrics);True
240;1968;41;The Thomas Crown Affair;The Windmills of Your Mind;Michel Legrand (music);
124;1948;21;Wet Blanket Policy;The Woody Woodpecker Song;Ramey Idriss & George Tibbles (music & lyrics);False
284;1975;48;Mahogany;Theme from Mahogany (Do You Know Where You're Going To);Michael Masser (music);
258;1971;44;Shaft;Theme from Shaft;Isaac Hayes (music & lyrics);True
439;2001;74;Pearl Harbor;There You'll Be;Diane Warren (music & lyrics);False
64;1942;15;The Mayor of 44th Street;There's a Breeze on Lake Louise;Harry Revel (music);
19;1937;10;Shall We Dance;They Can't Take That Away from Me;George Gershwin (p.n.) (music);
78;1943;16;Thank Your Lucky Stars;They're Either Too Young or Too Old;Arthur Schwartz (music);
430;2000;73;Wonder Boys;Things Have Changed;Bob Dylan (music and lyrics);True
553;2022;95;Everything Everywhere All at Once;This Is a Life;David Byrne, Ryan Lott & Mitski (music);
525;2017;90;The Greatest Showman;This Is Me;Benj Pasek & Justin Paul (music & lyrics);False
123;1948;21;That Lady in Ermine;This Is the Moment;Friedrich Hollaender (music);
238;1967;40;Thoroughly Modern Millie;Thoroughly Modern Millie;Sammy Cahn & Jimmy Van Heusen (music & lyrics);False
156;1954;27;Three Coins in the Fountain;Three Coins in the Fountain;Jule Styne (music);
127;1949;22;Come to the Stable;Through a Long and Sleepless Night;Alfred Newman (music);
308;1979;52;Ice Castles;Through the Eyes of Love;Marvin Hamlisch (music);
146;1952;25;Hans Christian Andersen;Thumbelina;Frank Loesser (music & lyrics);False
513;2015;88;The Hunting Ground;Til It Happens to You;Lady Gaga & Diane Warren (music & lyrics);False
254;1970;43;Madron;Till Love Touches Your Life;Riz Ortolani (music);
184;1958;31;Some Came Running;To Love and Be Loved;Jimmy Van Heusen (music);
141;1951;24;Royal Wedding;Too Late Now;Burton Lane (music);
89;1944;17;Song of the Open Road;Too Much in Love;Walter Kent (music);
202;1961;34;Town Without Pity;Town Without Pity;Dimitri Tiomkin (music);
462;2005;78;Transamerica;Travelin' Thru;Dolly Parton (music & lyrics);False
250;1969;42;True Grit;True Grit;Elmer Bernstein (music);
170;1956;29;High Society;True Love;Cole Porter (music & lyrics);False
362;1988;61;Buster;Two Hearts;Lamont Dozier (music);
166;1955;28;Unchained;Unchained Melody;Alex North (music);
364;1989;62;The Little Mermaid;Under the Sea;Alan Menken (music);
437;2001;74;Kate & Leopold;Until...;Sting (music & lyrics);False
324;1982;55;An Officer and a Gentleman;Up Where We Belong;Jack Nitzsche & Buffy Sainte-Marie (music);
440;2001;74;Vanilla Sky;Vanilla Sky;Paul McCartney (music & lyrics);False
561;2023;96;Killers of the Flower Moon;Wahzhazhe (A Song for My People);Scott George (music & lyrics);False
208;1962;35;Walk on the Wild Side;Walk on the Wild Side;Elmer Bernstein (music);
44;1940;13;Spring Parade;Waltzing in the Clouds;Robert Stolz (music);
486;2010;83;Toy Story 3;We Belong Together;Randy Newman (music & lyrics);True
276;1974;47;The Towering Inferno;We May Never Love Like This Again;Joel Hirschhorn & Al Kasha (music & lyrics);True
76;1943;16;Stage Door Canteen;We Mustn't Say Goodbye;James V. Monaco (music);
247;1969;42;The Happy Ending;What Are You Doing the Rest of Your Life?;Michel Legrand (music);
559;2023;96;Barbie;What Was I Made For?;Billie Eilish & Finneas O'Connell (music & lyrics);False
226;1965;38;What's New Pussycat?;What's New Pussycat?;Burt Bacharach (music);
530;2018;91;The Ballad of Buster Scruggs;When a Cowboy Trades His Spurs for Wings;David Rawlings & Gillian Welch (music & lyrics);False
12;1936;9;Sing, Baby, Sing;When Did You Leave Heaven;Richard A. Whiting (music);
428;1999;72;Toy Story 2;When She Loved Me;Randy Newman (music & lyrics);False
418;1998;71;The Prince of Egypt;When You Believe;Stephen Schwartz (music & lyrics);True
38;1940;13;Pinocchio;When You Wish Upon a Star;Leigh Harline (music);
379;1991;64;Hook;When You're Alone;John Williams (music);
303;1978;51;The Magic of Lassie;When You're Loved;Sherman Brothers (music & lyrics);False
220;1964;37;Where Love Has Gone;Where Love Has Gone;Jimmy Van Heusen (music);
279;1974;47;Gold;Wherever Love Takes Me;Elmer Bernstein (music);
17;1937;10;Artists and Models;Whispers in the Dark;Friedrich Hollaender (music);
253;1970;43;Darling Lili;Whistling Away the Dark;Henry Mancini (music);
58;1942;15;Holiday Inn;White Christmas;Irving Berlin (music & lyrics);True
40;1940;13;Hit Parade of 1941;Who Am I?;Jule Styne (music);
178;1957;30;Wild Is the Wind;Wild Is the Wind;Dimitri Tiomkin (music);
136;1950;23;Wabash Avenue;Wilhelmina;Josef Myrow (music);
35;1939;12;Love Affair;Wishing;Buddy DeSylva (music and lyrics);False
140;1951;24;Rich, Young and Pretty;Wonder Why;Slug Brodszky (music);
511;2015;88;Spectre;Writing's on the Wall;Jimmy Napes & Sam Smith (music & lyrics);True
172;1956;29;Written on the Wind;Written on the Wind;Victor Young (p.n.) (music);
116;1947;20;Mother Wore Tights;You Do;Josef Myrow (music);
109;1946;19;Blue Skies;You Keep Coming Back Like a Song;Irving Berlin (music & lyrics);False
294;1977;50;You Light Up My Life;You Light Up My Life;Joseph Brooks (music & lyrics);True
406;1996;69;Evita;You Must Love Me;Andrew Lloyd Webber (music);
450;2003;76;Cold Mountain;You Will Be My Ain True Love;Sting (music & lyrics);False
75;1943;16;Something to Shout About;You'd Be So Nice to Come Home To;Cole Porter (music & lyrics);False
424;1999;72;Tarzan;You'll Be in My Heart;Phil Collins (music & lyrics);True
69;1943;16;Hello, Frisco, Hello;You'll Never Know;Harry Warren (music);
404;1995;68;Toy Story;You've Got a Friend in Me;Randy Newman (music & lyrics);False
147;1952;25;Just for You;Zing a Little Zong;Harry Warren (music);
114;1947;20;Song of the South;Zip-a-Dee-Doo-Dah;Allie Wrubel (music);
